Chr,Start,End,Ref,Alt,Func.refGene,Gene.refGene,GeneDetail.refGene,ExonicFunc.refGene,AAChange.refGene,cytoBand,ExAC_ALL,ExAC_AFR,ExAC_AMR,ExAC_EAS,ExAC_FIN,ExAC_NFE,ExAC_OTH,ExAC_SAS,avsnp147,SIFT_score,SIFT_pred,Polyphen2_HDIV_score,Polyphen2_HDIV_pred,Polyphen2_HVAR_score,Polyphen2_HVAR_pred,LRT_score,LRT_pred,MutationTaster_score,MutationTaster_pred,MutationAssessor_score,MutationAssessor_pred,FATHMM_score,FATHMM_pred,PROVEAN_score,PROVEAN_pred,VEST3_score,CADD_raw,CADD_phred,DANN_score,fathmm-MKL_coding_score,fathmm-MKL_coding_pred,MetaSVM_score,MetaSVM_pred,MetaLR_score,MetaLR_pred,integrated_fitCons_score,integrated_confidence_value,GERP++_RS,phyloP7way_vertebrate,phyloP20way_mammalian,phastCons7way_vertebrate,phastCons20way_mammalian,SiPhy_29way_logOdds
chr2,15945605,15945605,G,T,"exonic","MYCN",.,"synonymous SNV","MYCN:NM_001293231:exon2:c.G270T:p.V90V,MYCN:NM_001293228:exon3:c.G903T:p.V301V,MYCN:NM_005378:exon3:c.G903T:p.V301V","2p24.3",.,.,.,.,.,.,.,.,.,.,.,.,.,.,.,.,.,.,.,.,.,.,.,.,.,.,.,.,.,.,.,.,.,.,.,.,.,.,.,.,.,.,.
chr2,28074369,28074369,C,A,"intronic","BABAM2",.,.,.,"2p23.2",.,.,.,.,.,.,.,.,.,.,.,.,.,.,.,.,.,.,.,.,.,.,.,.,.,.,.,.,.,.,.,.,.,.,.,.,.,.,.,.,.,.,.
chr2,29206835,29206835,T,C,"intronic","ALK",.,.,.,"2p23.2",.,.,.,.,.,.,.,.,.,.,.,.,.,.,.,.,.,.,.,.,.,.,.,.,.,.,.,.,.,.,.,.,.,.,.,.,.,.,.,.,.,.,.
chr2,29694910,29694910,C,T,"exonic","ALK",.,"nonsynonymous SNV","ALK:NM_004304:exon3:c.G892A:p.A298T","2p23.2",8.249e-06,0,0,0,0,1.5e-05,0,0,"rs577240830",0.388,T,0.924,P,0.784,P,.,.,1,D,0,N,4.42,T,-0.61,N,0.564,3.827,23.4,0.999,0.759,D,-0.468,T,0.010,T,0.487,0,5.97,0.871,0.935,0.995,0.968,15.924
chr2,29717801,29717801,A,G,"intronic","ALK",.,.,.,"2p23.2",.,.,.,.,.,.,.,.,.,.,.,.,.,.,.,.,.,.,.,.,.,.,.,.,.,.,.,.,.,.,.,.,.,.,.,.,.,.,.,.,.,.,.
chr2,39356303,39356303,A,G,"exonic","MAP4K3",.,"nonsynonymous SNV","MAP4K3:NM_001270425:exon3:c.T191C:p.M64T,MAP4K3:NM_003618:exon3:c.T191C:p.M64T","2p22.1",.,.,.,.,.,.,.,.,.,0.001,D,0.41,B,0.358,B,0.000,D,1,D,0.55,N,-0.13,T,-4.71,D,0.948,5.484,26.2,0.832,0.978,D,-0.740,T,0.239,T,0.732,0,5.48,1.039,1.197,1.000,1.000,14.531
chr2,57049165,57049165,T,C,"intergenic","CCDC85A;VRK2","dist=662991;dist=858486",.,.,"2p16.1",.,.,.,.,.,.,.,.,.,.,.,.,.,.,.,.,.,.,.,.,.,.,.,.,.,.,.,.,.,.,.,.,.,.,.,.,.,.,.,.,.,.,.
chr2,57049382,57049382,A,G,"intergenic","CCDC85A;VRK2","dist=663208;dist=858269",.,.,"2p16.1",.,.,.,.,.,.,.,.,.,.,.,.,.,.,.,.,.,.,.,.,.,.,.,.,.,.,.,.,.,.,.,.,.,.,.,.,.,.,.,.,.,.,.
chr2,60711611,60711611,A,G,"intergenic","BCL11A;PAPOLG","dist=157957;dist=44657",.,.,"2p16.1",.,.,.,.,.,.,.,.,.,.,.,.,.,.,.,.,.,.,.,.,.,.,.,.,.,.,.,.,.,.,.,.,.,.,.,.,.,.,.,.,.,.,.
chr2,61482215,61482215,T,A,"intronic","XPO1",.,.,.,"2p15",.,.,.,.,.,.,.,.,.,.,.,.,.,.,.,.,.,.,.,.,.,.,.,.,.,.,.,.,.,.,.,.,.,.,.,.,.,.,.,.,.,.,.
chr2,74221842,74221842,T,C,"intronic","SLC4A5",.,.,.,"2p13.1",.,.,.,.,.,.,.,.,.,.,.,.,.,.,.,.,.,.,.,.,.,.,.,.,.,.,.,.,.,.,.,.,.,.,.,.,.,.,.,.,.,.,.
chr2,74334065,74334065,C,T,"UTR5","SLC4A5","NM_133478:c.-19042G>A",.,.,"2p13.1",.,.,.,.,.,.,.,.,.,.,.,.,.,.,.,.,.,.,.,.,.,.,.,.,.,.,.,.,.,.,.,.,.,.,.,.,.,.,.,.,.,.,.
chr2,110968073,110968073,A,G,"intronic","ACOXL",.,.,.,"2q13",.,.,.,.,.,.,.,.,.,.,.,.,.,.,.,.,.,.,.,.,.,.,.,.,.,.,.,.,.,.,.,.,.,.,.,.,.,.,.,.,.,.,.
chr2,135218850,135218850,C,A,"intronic","ZRANB3",.,.,.,"2q21.3",.,.,.,.,.,.,.,.,.,.,.,.,.,.,.,.,.,.,.,.,.,.,.,.,.,.,.,.,.,.,.,.,.,.,.,.,.,.,.,.,.,.,.
chr2,167218425,167218425,G,T,"intronic","XIRP2",.,.,.,"2q24.3",.,.,.,.,.,.,.,.,.,.,.,.,.,.,.,.,.,.,.,.,.,.,.,.,.,.,.,.,.,.,.,.,.,.,.,.,.,.,.,.,.,.,.
chr2,167254420,167254420,A,G,"intronic","XIRP2",.,.,.,"2q24.3",.,.,.,.,.,.,.,.,.,.,.,.,.,.,.,.,.,.,.,.,.,.,.,.,.,.,.,.,.,.,.,.,.,.,.,.,.,.,.,.,.,.,.
chr2,173298342,173298342,G,A,"intergenic","MAP3K20-AS1;CDCA7","dist=16306;dist=56530",.,.,"2q31.1",.,.,.,.,.,.,.,.,.,.,.,.,.,.,.,.,.,.,.,.,.,.,.,.,.,.,.,.,.,.,.,.,.,.,.,.,.,.,.,.,.,.,.
chr2,173871785,173871785,T,C,"intergenic","CDCA7;SP3","dist=502792;dist=28991",.,.,"2q31.1",.,.,.,.,.,.,.,.,.,.,.,.,.,.,.,.,.,.,.,.,.,.,.,.,.,.,.,.,.,.,.,.,.,.,.,.,.,.,.,.,.,.,.
chr2,189699189,189699189,T,C,"intronic","ANKAR",.,.,.,"2q32.2",.,.,.,.,.,.,.,.,.,.,.,.,.,.,.,.,.,.,.,.,.,.,.,.,.,.,.,.,.,.,.,.,.,.,.,.,.,.,.,.,.,.,.
chr2,192194585,192194585,C,T,"UTR5","TMEFF2","NM_016192:c.-61G>A;NM_001305134:c.-61G>A;NM_001305145:c.-61G>A",.,.,"2q32.3",.,.,.,.,.,.,.,.,.,.,.,.,.,.,.,.,.,.,.,.,.,.,.,.,.,.,.,.,.,.,.,.,.,.,.,.,.,.,.,.,.,.,.
chr2,197399859,197399859,C,T,"intronic","SF3B1",.,.,.,"2q33.1",.,.,.,.,.,.,.,.,.,.,.,.,.,.,.,.,.,.,.,.,.,.,.,.,.,.,.,.,.,.,.,.,.,.,.,.,.,.,.,.,.,.,.
chr2,197399861,197399861,C,T,"intronic","SF3B1",.,.,.,"2q33.1",.,.,.,.,.,.,.,.,.,.,.,.,.,.,.,.,.,.,.,.,.,.,.,.,.,.,.,.,.,.,.,.,.,.,.,.,.,.,.,.,.,.,.
chr2,201272390,201272390,G,A,"intronic","CASP8",.,.,.,"2q33.1",.,.,.,.,.,.,.,.,.,.,.,.,.,.,.,.,.,.,.,.,.,.,.,.,.,.,.,.,.,.,.,.,.,.,.,.,.,.,.,.,.,.,.
chr2,203485754,203485754,C,A,"intronic","RAPH1",.,.,.,"2q33.2",.,.,.,.,.,.,.,.,.,.,.,.,.,.,.,.,.,.,.,.,.,.,.,.,.,.,.,.,.,.,.,.,.,.,.,.,.,.,.,.,.,.,.
chr2,203485851,203485851,A,G,"intronic","RAPH1",.,.,.,"2q33.2",.,.,.,.,.,.,.,.,.,.,.,.,.,.,.,.,.,.,.,.,.,.,.,.,.,.,.,.,.,.,.,.,.,.,.,.,.,.,.,.,.,.,.
chr2,203773350,203773350,C,T,"intergenic","CD28;CTLA4","dist=34438;dist=94421",.,.,"2q33.2",.,.,.,.,.,.,.,.,.,.,.,.,.,.,.,.,.,.,.,.,.,.,.,.,.,.,.,.,.,.,.,.,.,.,.,.,.,.,.,.,.,.,.
chr2,241723289,241723289,C,A,"intronic","ING5",.,.,.,"2q37.3",.,.,.,.,.,.,.,.,.,.,.,.,.,.,.,.,.,.,.,.,.,.,.,.,.,.,.,.,.,.,.,.,.,.,.,.,.,.,.,.,.,.,.
chr3,18349659,18349659,C,T,"exonic","SATB1",.,"synonymous SNV","SATB1:NM_001322876:exon10:c.G1587A:p.Q529Q,SATB1:NM_001131010:exon11:c.G1803A:p.Q601Q,SATB1:NM_001322873:exon11:c.G1803A:p.Q601Q,SATB1:NM_001322874:exon11:c.G1803A:p.Q601Q,SATB1:NM_001322875:exon11:c.G1803A:p.Q601Q,SATB1:NM_002971:exon11:c.G1803A:p.Q601Q,SATB1:NM_001195470:exon12:c.G1899A:p.Q633Q,SATB1:NM_001322871:exon12:c.G1899A:p.Q633Q,SATB1:NM_001322872:exon12:c.G1803A:p.Q601Q","3p24.3",3.945e-05,0,0,0,0.0006,2.43e-05,0,0,"rs766256434",.,.,.,.,.,.,.,.,.,.,.,.,.,.,.,.,.,.,.,.,.,.,.,.,.,.,.,.,.,.,.,.,.,.
chr3,29434812,29434812,A,G,"exonic","RBMS3",.,"nonsynonymous SNV","RBMS3:NM_001003792:exon2:c.A142G:p.S48G,RBMS3:NM_001003793:exon2:c.A145G:p.S49G,RBMS3:NM_001177711:exon2:c.A145G:p.S49G,RBMS3:NM_001177712:exon2:c.A145G:p.S49G,RBMS3:NM_001330696:exon2:c.A142G:p.S48G,RBMS3:NM_014483:exon2:c.A145G:p.S49G","3p24.1",.,.,.,.,.,.,.,.,.,0.187,T,0.0,B,0.001,B,0.000,D,0.894,N,1.485,L,1.82,T,-1.09,N,0.183,1.757,14.73,0.994,0.934,D,-1.045,T,0.083,T,0.563,0,5.63,0.804,1.006,0.999,1.000,14.069
chr3,38138210,38138210,A,G,"upstream","ACAA1;MYD88","dist=451",.,.,"3p22.2",.,.,.,.,.,.,.,.,.,.,.,.,.,.,.,.,.,.,.,.,.,.,.,.,.,.,.,.,.,.,.,.,.,.,.,.,.,.,.,.,.,.,.
chr3,47042334,47042334,C,A,"intronic","SETD2",.,.,.,"3p21.31",.,.,.,.,.,.,.,.,.,.,.,.,.,.,.,.,.,.,.,.,.,.,.,.,.,.,.,.,.,.,.,.,.,.,.,.,.,.,.,.,.,.,.
chr3,52133549,52133549,A,G,"intronic","POC1A",.,.,.,"3p21.2",.,.,.,.,.,.,.,.,.,.,.,.,.,.,.,.,.,.,.,.,.,.,.,.,.,.,.,.,.,.,.,.,.,.,.,.,.,.,.,.,.,.,.
chr3,52962221,52962221,C,A,"intronic","SFMBT1",.,.,.,"3p21.1",.,.,.,.,.,.,.,.,.,.,.,.,.,.,.,.,.,.,.,.,.,.,.,.,.,.,.,.,.,.,.,.,.,.,.,.,.,.,.,.,.,.,.
chr3,54626445,54626445,G,A,"intronic","CACNA2D3",.,.,.,"3p14.3",.,.,.,.,.,.,.,.,"rs62255536",.,.,.,.,.,.,.,.,.,.,.,.,.,.,.,.,.,.,.,.,.,.,.,.,.,.,.,.,.,.,.,.,.,.
chr3,57542768,57542768,G,T,"exonic","DNAH12",.,"nonsynonymous SNV","DNAH12:NM_001366028:exon2:c.C103A:p.P35T,DNAH12:NM_198564:exon2:c.C103A:p.P35T","3p14.3",.,.,.,.,.,.,.,.,.,0.029,D,0.875,P,0.585,P,0.000,D,0.989,N,2.075,M,3.68,T,-1.89,N,0.652,1.586,13.78,0.981,0.852,D,-1.104,T,0.076,T,0.554,0,4.88,-0.011,0.135,0.153,0.433,11.759
chr3,59834546,59834546,A,G,"intronic","FHIT",.,.,.,"3p14.2",.,.,.,.,.,.,.,.,.,.,.,.,.,.,.,.,.,.,.,.,.,.,.,.,.,.,.,.,.,.,.,.,.,.,.,.,.,.,.,.,.,.,.
chr3,63337963,63337963,A,G,"intronic","SYNPR",.,.,.,"3p14.2",.,.,.,.,.,.,.,.,.,.,.,.,.,.,.,.,.,.,.,.,.,.,.,.,.,.,.,.,.,.,.,.,.,.,.,.,.,.,.,.,.,.,.
chr3,74101490,74101490,T,A,"intergenic","LINC02005;CNTN3","dist=221870;dist=161079",.,.,"3p12.3",.,.,.,.,.,.,.,.,.,.,.,.,.,.,.,.,.,.,.,.,.,.,.,.,.,.,.,.,.,.,.,.,.,.,.,.,.,.,.,.,.,.,.
chr3,84959056,84959056,C,T,"UTR5","CADM2","NM_001375961:c.-834802C>T;NM_001167675:c.-552C>T;NM_001375960:c.-552C>T;NM_001167674:c.-552C>T;NM_001375968:c.-552C>T;NM_001375967:c.-552C>T;NM_001375964:c.-552C>T;NM_001381963:c.-552C>T;NM_001381964:c.-552C>T",.,.,"3p12.1",.,.,.,.,.,.,.,.,.,.,.,.,.,.,.,.,.,.,.,.,.,.,.,.,.,.,.,.,.,.,.,.,.,.,.,.,.,.,.,.,.,.,.
chr3,94800415,94800415,A,T,"intergenic","NSUN3;LINC00879","dist=668584;dist=137848",.,.,"3q11.2",.,.,.,.,.,.,.,.,.,.,.,.,.,.,.,.,.,.,.,.,.,.,.,.,.,.,.,.,.,.,.,.,.,.,.,.,.,.,.,.,.,.,.
chr3,94800416,94800416,G,T,"intergenic","NSUN3;LINC00879","dist=668585;dist=137847",.,.,"3q11.2",.,.,.,.,.,.,.,.,.,.,.,.,.,.,.,.,.,.,.,.,.,.,.,.,.,.,.,.,.,.,.,.,.,.,.,.,.,.,.,.,.,.,.
chr3,142673677,142673677,G,T,"intronic","PLS1",.,.,.,"3q23",.,.,.,.,.,.,.,.,.,.,.,.,.,.,.,.,.,.,.,.,.,.,.,.,.,.,.,.,.,.,.,.,.,.,.,.,.,.,.,.,.,.,.
chr3,149938915,149938915,A,G,"intronic","RNF13",.,.,.,"3q25.1",.,.,.,.,.,.,.,.,.,.,.,.,.,.,.,.,.,.,.,.,.,.,.,.,.,.,.,.,.,.,.,.,.,.,.,.,.,.,.,.,.,.,.
chr3,150408259,150408259,C,A,"upstream","TSC22D2","dist=39",.,.,"3q25.1",.,.,.,.,.,.,.,.,.,.,.,.,.,.,.,.,.,.,.,.,.,.,.,.,.,.,.,.,.,.,.,.,.,.,.,.,.,.,.,.,.,.,.
chr3,173737886,173737886,A,G,"intronic","NLGN1",.,.,.,"3q26.31",.,.,.,.,.,.,.,.,.,.,.,.,.,.,.,.,.,.,.,.,.,.,.,.,.,.,.,.,.,.,.,.,.,.,.,.,.,.,.,.,.,.,.
chr3,184579732,184579732,G,A,"exonic","EPHB3",.,"nonsynonymous SNV","EPHB3:NM_004443:exon11:c.G1970A:p.R657H","3q27.1",1.653e-05,0,0,0,0,3.009e-05,0,0,"rs756380352",0.008,D,1.0,D,0.999,D,0.000,D,1,D,1.11,L,-1.66,D,-2.7,D,0.411,7.144,34,1.000,0.955,D,0.343,D,0.617,D,0.646,0,4.8,0.069,0.943,0.269,0.969,17.234
chr3,198123233,198123233,G,T,"intergenic","ANKRD18DP;FAM157A","dist=42562;dist=29973",.,.,"3q29",.,.,.,.,.,.,.,.,.,.,.,.,.,.,.,.,.,.,.,.,.,.,.,.,.,.,.,.,.,.,.,.,.,.,.,.,.,.,.,.,.,.,.
chr7,2944667,2944667,A,T,"intronic","CARD11",.,.,.,"7p22.2",.,.,.,.,.,.,.,.,.,.,.,.,.,.,.,.,.,.,.,.,.,.,.,.,.,.,.,.,.,.,.,.,.,.,.,.,.,.,.,.,.,.,.
chr7,2980922,2980922,C,A,"intronic","CARD11",.,.,.,"7p22.2",.,.,.,.,.,.,.,.,.,.,.,.,.,.,.,.,.,.,.,.,.,.,.,.,.,.,.,.,.,.,.,.,.,.,.,.,.,.,.,.,.,.,.
chr7,2999113,2999113,C,A,"intronic","CARD11",.,.,.,"7p22.2",.,.,.,.,.,.,.,.,.,.,.,.,.,.,.,.,.,.,.,.,.,.,.,.,.,.,.,.,.,.,.,.,.,.,.,.,.,.,.,.,.,.,.
chr7,6403094,6403094,C,A,"UTR3","RAC1","NM_006908:c.*648C>A;NM_018890:c.*648C>A",.,.,"7p22.1",.,.,.,.,.,.,.,.,.,.,.,.,.,.,.,.,.,.,.,.,.,.,.,.,.,.,.,.,.,.,.,.,.,.,.,.,.,.,.,.,.,.,.
chr7,6621828,6621828,G,T,"exonic","ZNF853",.,"synonymous SNV","ZNF853:NM_001353546:exon3:c.G792T:p.L264L,ZNF853:NM_017560:exon3:c.G837T:p.L279L","7p22.1",.,.,.,.,.,.,.,.,.,.,.,.,.,.,.,.,.,.,.,.,.,.,.,.,.,.,.,.,.,.,.,.,.,.,.,.,.,.,.,.,.,.,.
chr7,17354262,17354262,T,C,"intergenic","AHR;LINC02888","dist=8115;dist=20655",.,.,"7p21.1",.,.,.,.,.,.,.,.,.,.,.,.,.,.,.,.,.,.,.,.,.,.,.,.,.,.,.,.,.,.,.,.,.,.,.,.,.,.,.,.,.,.,.
chr7,17354300,17354300,A,G,"intergenic","AHR;LINC02888","dist=8153;dist=20617",.,.,"7p21.1",.,.,.,.,.,.,.,.,.,.,.,.,.,.,.,.,.,.,.,.,.,.,.,.,.,.,.,.,.,.,.,.,.,.,.,.,.,.,.,.,.,.,.
chr7,57178171,57178171,C,A,"ncRNA_intronic","GUSBP10",.,.,.,"7p11.2",.,.,.,.,.,.,.,.,.,.,.,.,.,.,.,.,.,.,.,.,.,.,.,.,.,.,.,.,.,.,.,.,.,.,.,.,.,.,.,.,.,.,.
chr7,57178552,57178552,C,T,"ncRNA_intronic","GUSBP10",.,.,.,"7p11.2",.,.,.,.,.,.,.,.,"rs4870688",.,.,.,.,.,.,.,.,.,.,.,.,.,.,.,.,.,.,.,.,.,.,.,.,.,.,.,.,.,.,.,.,.,.
chr7,95026827,95026827,C,G,"intronic","PPP1R9A",.,.,.,"7q21.3",.,.,.,.,.,.,.,.,.,.,.,.,.,.,.,.,.,.,.,.,.,.,.,.,.,.,.,.,.,.,.,.,.,.,.,.,.,.,.,.,.,.,.
chr7,95026894,95026894,C,A,"intronic","PPP1R9A",.,.,.,"7q21.3",.,.,.,.,.,.,.,.,.,.,.,.,.,.,.,.,.,.,.,.,.,.,.,.,.,.,.,.,.,.,.,.,.,.,.,.,.,.,.,.,.,.,.
chr7,101052628,101052628,A,G,"intronic","MUC17",.,.,.,"7q22.1",.,.,.,.,.,.,.,.,.,.,.,.,.,.,.,.,.,.,.,.,.,.,.,.,.,.,.,.,.,.,.,.,.,.,.,.,.,.,.,.,.,.,.
chr7,102190195,102190195,A,T,"intronic","CUX1",.,.,.,"7q22.1",.,.,.,.,.,.,.,.,.,.,.,.,.,.,.,.,.,.,.,.,.,.,.,.,.,.,.,.,.,.,.,.,.,.,.,.,.,.,.,.,.,.,.
chr7,107803491,107803491,C,A,"upstream","SLC26A3","dist=268",.,.,"7q31.1",.,.,.,.,.,.,.,.,.,.,.,.,.,.,.,.,.,.,.,.,.,.,.,.,.,.,.,.,.,.,.,.,.,.,.,.,.,.,.,.,.,.,.
chr7,116774631,116774631,C,A,"intronic","MET",.,.,.,"7q31.2",.,.,.,.,.,.,.,.,.,.,.,.,.,.,.,.,.,.,.,.,.,.,.,.,.,.,.,.,.,.,.,.,.,.,.,.,.,.,.,.,.,.,.
chr7,116782048,116782048,C,T,"exonic","MET",.,"nonsynonymous SNV","MET:NM_001324402:exon17:c.C2293T:p.L765F,MET:NM_000245:exon18:c.C3583T:p.L1195F,MET:NM_001127500:exon18:c.C3637T:p.L1213F","7q31.2",.,.,.,.,.,.,.,.,.,0.0,D,1.0,D,1.0,D,0.000,D,1,D,3.95,H,-3.05,D,-3.57,D,0.912,6.511,31,0.999,0.929,D,1.044,D,0.927,D,0.707,0,5.87,0.871,0.935,1.000,1.000,20.583
chr7,140010002,140010002,C,T,"intronic","TBXAS1",.,.,.,"7q34",.,.,.,.,.,.,.,.,"rs530134865",.,.,.,.,.,.,.,.,.,.,.,.,.,.,.,.,.,.,.,.,.,.,.,.,.,.,.,.,.,.,.,.,.,.
chr7,140794330,140794330,G,T,"exonic","BRAF",.,"nonsynonymous SNV","BRAF:NM_001378470:exon7:c.C1016A:p.T339K,BRAF:NM_001378475:exon7:c.C854A:p.T285K,BRAF:NM_001354609:exon8:c.C1118A:p.T373K,BRAF:NM_001374244:exon8:c.C1118A:p.T373K,BRAF:NM_001374258:exon8:c.C1118A:p.T373K,BRAF:NM_001378467:exon8:c.C1127A:p.T376K,BRAF:NM_001378468:exon8:c.C1118A:p.T373K,BRAF:NM_001378469:exon8:c.C1118A:p.T373K,BRAF:NM_001378471:exon8:c.C1118A:p.T373K,BRAF:NM_001378472:exon8:c.C962A:p.T321K,BRAF:NM_001378473:exon8:c.C962A:p.T321K,BRAF:NM_001378474:exon8:c.C1118A:p.T373K,BRAF:NM_004333:exon8:c.C1118A:p.T373K","7q34",.,.,.,.,.,.,.,.,.,0.004,D,0.158,B,0.031,B,0.000,D,1,D,2.195,M,-1.24,T,-2.39,N,0.955,4.774,24.7,0.996,0.992,D,-0.299,T,0.434,T,0.706,0,5.75,0.917,0.953,1.000,1.000,19.949
chr7,150396932,150396932,G,A,"exonic","ZNF775",.,"nonsynonymous SNV","ZNF775:NM_173680:exon3:c.G451A:p.A151T","7q36.1",.,.,.,.,.,.,.,.,.,0.631,T,0.024,B,0.041,B,.,.,0.996,N,-0.065,N,2.32,T,0.27,N,0.169,3.303,22.9,0.990,0.037,N,-1.025,T,0.026,T,0.707,0,4.73,0.917,0.970,0.979,0.997,15.276
chr7,151122432,151122432,C,T,"intronic","AGAP3",.,.,.,"7q36.1",.,.,.,.,.,.,.,.,.,.,.,.,.,.,.,.,.,.,.,.,.,.,.,.,.,.,.,.,.,.,.,.,.,.,.,.,.,.,.,.,.,.,.
chr7,151518439,151518439,C,T,"intronic","RHEB",.,.,.,"7q36.1",.,.,.,.,.,.,.,.,.,.,.,.,.,.,.,.,.,.,.,.,.,.,.,.,.,.,.,.,.,.,.,.,.,.,.,.,.,.,.,.,.,.,.
chr7,151727768,151727768,A,G,"intronic","PRKAG2",.,.,.,"7q36.1",.,.,.,.,.,.,.,.,.,.,.,.,.,.,.,.,.,.,.,.,.,.,.,.,.,.,.,.,.,.,.,.,.,.,.,.,.,.,.,.,.,.,.
chr7,152144730,152144730,C,T,"exonic","KMT2C",.,"nonsynonymous SNV","KMT2C:NM_170606:exon55:c.G14326A:p.A4776T","7q36.1",.,.,.,.,.,.,.,.,.,0.002,D,1.0,D,0.996,D,0.000,U,1,D,2.765,M,-2.1,D,-3.65,D,0.909,7.522,34,0.997,0.967,D,0.067,D,0.519,D,0.707,0,5.31,0.871,0.935,0.996,1.000,19.351
chr7,159176639,159176639,A,G,"intergenic","VIPR2;NONE","dist=31682;dist=NONE",.,.,"7q36.3",.,.,.,.,.,.,.,.,.,.,.,.,.,.,.,.,.,.,.,.,.,.,.,.,.,.,.,.,.,.,.,.,.,.,.,.,.,.,.,.,.,.,.
chr12,991341,991341,C,T,"intronic","ERC1",.,.,.,"12p13.33",.,.,.,.,.,.,.,.,.,.,.,.,.,.,.,.,.,.,.,.,.,.,.,.,.,.,.,.,.,.,.,.,.,.,.,.,.,.,.,.,.,.,.
chr12,6595136,6595136,C,T,"intronic","CHD4",.,.,.,"12p13.31",.,.,.,.,.,.,.,.,.,.,.,.,.,.,.,.,.,.,.,.,.,.,.,.,.,.,.,.,.,.,.,.,.,.,.,.,.,.,.,.,.,.,.
chr12,8009307,8009307,A,G,"intergenic","SLC2A3;FOXJ2","dist=73120;dist=23409",.,.,"12p13.31",.,.,.,.,.,.,.,.,.,.,.,.,.,.,.,.,.,.,.,.,.,.,.,.,.,.,.,.,.,.,.,.,.,.,.,.,.,.,.,.,.,.,.
chr12,9695394,9695394,C,T,"UTR3","CLEC2D","NM_001197319:c.*593C>T;NM_001197317:c.*520C>T;NM_001197318:c.*593C>T;NM_001004419:c.*593C>T;NM_013269:c.*520C>T",.,.,"12p13.31",.,.,.,.,.,.,.,.,"rs2401388",.,.,.,.,.,.,.,.,.,.,.,.,.,.,.,.,.,.,.,.,.,.,.,.,.,.,.,.,.,.,.,.,.,.
chr12,26018832,26018832,T,A,"intronic","RASSF8",.,.,.,"12p12.1",.,.,.,.,.,.,.,.,.,.,.,.,.,.,.,.,.,.,.,.,.,.,.,.,.,.,.,.,.,.,.,.,.,.,.,.,.,.,.,.,.,.,.
chr12,49021732,49021732,A,T,"UTR3","KMT2D","NM_003482:c.*48T>A",.,.,"12q13.12",.,.,.,.,.,.,.,.,.,.,.,.,.,.,.,.,.,.,.,.,.,.,.,.,.,.,.,.,.,.,.,.,.,.,.,.,.,.,.,.,.,.,.
chr12,56097901,56097901,G,T,"exonic","ERBB3",.,"synonymous SNV","ERBB3:NM_001982:exon21:c.G2577T:p.L859L","12q13.2",.,.,.,.,.,.,.,.,.,.,.,.,.,.,.,.,.,.,.,.,.,.,.,.,.,.,.,.,.,.,.,.,.,.,.,.,.,.,.,.,.,.,.
chr12,95791469,95791469,A,G,"upstream","NTN4","dist=314",.,.,"12q22",.,.,.,.,.,.,.,.,.,.,.,.,.,.,.,.,.,.,.,.,.,.,.,.,.,.,.,.,.,.,.,.,.,.,.,.,.,.,.,.,.,.,.
chr12,101790160,101790160,C,A,"intronic","GNPTAB",.,.,.,"12q23.2",.,.,.,.,.,.,.,.,"rs11111024",.,.,.,.,.,.,.,.,.,.,.,.,.,.,.,.,.,.,.,.,.,.,.,.,.,.,.,.,.,.,.,.,.,.
chr12,114679169,114679169,T,C,"intronic","TBX3",.,.,.,"12q24.21",.,.,.,.,.,.,.,.,.,.,.,.,.,.,.,.,.,.,.,.,.,.,.,.,.,.,.,.,.,.,.,.,.,.,.,.,.,.,.,.,.,.,.
chr12,114680925,114680925,A,-,"exonic","TBX3",.,"frameshift deletion","TBX3:NM_005996:exon2:c.611delT:p.F204Sfs*4,TBX3:NM_016569:exon2:c.611delT:p.F204Sfs*4","12q24.21",.,.,.,.,.,.,.,.,.,.,.,.,.,.,.,.,.,.,.,.,.,.,.,.,.,.,.,.,.,.,.,.,.,.,.,.,.,.,.,.,.,.,.
chr12,119156642,119156643,AC,CA,"exonic","SRRM4",.,"nonframeshift substitution","SRRM4:NM_194286:exon13:c.1680_1681delinsCA:p.R560S","12q24.23",.,.,.,.,.,.,.,.,.,.,.,.,.,.,.,.,.,.,.,.,.,.,.,.,.,.,.,.,.,.,.,.,.,.,.,.,.,.,.,.,.,.,.
chr12,130792218,130792218,G,A,"intronic","STX2",.,.,.,"12q24.33",.,.,.,.,.,.,.,.,"rs12811588",.,.,.,.,.,.,.,.,.,.,.,.,.,.,.,.,.,.,.,.,.,.,.,.,.,.,.,.,.,.,.,.,.,.
chr12,132639612,132639612,G,T,"intronic","POLE",.,.,.,"12q24.33",.,.,.,.,.,.,.,.,.,.,.,.,.,.,.,.,.,.,.,.,.,.,.,.,.,.,.,.,.,.,.,.,.,.,.,.,.,.,.,.,.,.,.
chr12,132651220,132651220,C,A,"intronic","POLE",.,.,.,"12q24.33",.,.,.,.,.,.,.,.,.,.,.,.,.,.,.,.,.,.,.,.,.,.,.,.,.,.,.,.,.,.,.,.,.,.,.,.,.,.,.,.,.,.,.
chr12,132673983,132673983,T,G,"intronic","POLE",.,.,.,"12q24.33",.,.,.,.,.,.,.,.,"rs5744772",.,.,.,.,.,.,.,.,.,.,.,.,.,.,.,.,.,.,.,.,.,.,.,.,.,.,.,.,.,.,.,.,.,.
